{"0":false,"nav_menu_locations":{"primary":18,"secondary":0,"topbarmenu":35},"custom_css_post_id":-1,"thrive_layouts_customize":"1_column","thrive_customizer_colorscheme_primary":"#b71c1c","thrive_customizer_header_signup":{"top":"#61bd4f","bottom":"#5aac44"},"thrive_customizer_header_background_color":"#b71c1c","thrive_customizer_header_style":"navigation-2","thrive_customizer_enable_search":"none","thrive_customizer_widget_title_background":"#b71c1c","thrive_customizer_footer_widget_background_color":"#b71c1c"}