{"widgets":[{"option_name":"widget_archives","option_value":{"_multiwidget":1}},{"option_name":"widget_bbp_forums_widget","option_value":{"_multiwidget":1}},{"option_name":"widget_bbp_login_widget","option_value":{"_multiwidget":1}},{"option_name":"widget_bbp_replies_widget","option_value":{"_multiwidget":1}},{"option_name":"widget_bbp_search_widget","option_value":{"2":{"title":"Search Forums"},"_multiwidget":1}},{"option_name":"widget_bbp_stats_widget","option_value":{"_multiwidget":1}},{"option_name":"widget_bbp_topics_widget","option_value":{"_multiwidget":1}},{"option_name":"widget_bbp_views_widget","option_value":{"_multiwidget":1}},{"option_name":"widget_bp_core_friends_widget","option_value":{"2":{"max_friends":15,"friend_default":"active","link_title":false},"_multiwidget":1}},{"option_name":"widget_bp_core_login_widget","option_value":{"1":[],"_multiwidget":1}},{"option_name":"widget_bp_core_members_widget","option_value":{"1":[],"2":{"title":"Members","max_members":"9","member_default":"active","link_title":false},"3":{"title":"Members","max_members":"5","member_default":"active","link_title":false},"4":{"title":"Members","max_members":"15","member_default":"active","link_title":true},"5":{"title":"Members","max_members":"12","member_default":"active","link_title":false},"_multiwidget":1}},{"option_name":"widget_bp_core_recently_active_widget","option_value":{"1":[],"2":{"title":"Recently Active Members","max_members":"15"},"_multiwidget":1}},{"option_name":"widget_bp_core_whos_online_widget","option_value":{"1":[],"2":{"title":"Who's Online","max_members":"15"},"_multiwidget":1}},{"option_name":"widget_bp_groups_widget","option_value":{"1":[],"2":{"title":"Groups","max_groups":"9","group_default":"active","link_title":false},"3":{"title":"Groups","max_groups":"5","group_default":"active","link_title":false},"4":{"title":"Groups","max_groups":"5","group_default":"active","link_title":false},"5":{"title":"Join Groups","max_groups":"15","group_default":"active","link_title":true},"6":{"title":"Groups","max_groups":"12","group_default":"active","link_title":false},"_multiwidget":1}},{"option_name":"widget_bp_latest_activities","option_value":{"2":{"title":"Latest updates","max":"5","type":"a:1:{i:0;s:15:\"activity_update\";}"},"3":{"title":"Latest updates","max":"5","type":"a:1:{i:0;s:15:\"activity_update\";}"},"_multiwidget":1}},{"option_name":"widget_bp_messages_sitewide_notices_widget","option_value":{"1":[],"_multiwidget":1}},{"option_name":"widget_bp_nouveau_sidebar_object_nav_widget","option_value":{"_multiwidget":1}},{"option_name":"widget_bps_widget","option_value":{"2":{"title":"Advance Search","form":"110","template":"members\/bps-form-sample-1"},"3":{"title":"Find Friends","form":"110","template":"members\/bps-form-sample-1"},"4":{"title":"Find Friends","form":"110","template":"members\/bps-form-sample-1"},"_multiwidget":1}},{"option_name":"widget_calendar","option_value":{"_multiwidget":1}},{"option_name":"widget_categories","option_value":{"_multiwidget":1}},{"option_name":"widget_custom_html","option_value":{"_multiwidget":1}},{"option_name":"widget_gears_blog_post_widget","option_value":{"2":{"title":"Recent Posts","max":5,"sortby":"date","orderby":"desc","count":0},"_multiwidget":1}},{"option_name":"widget_gears_social_media_widget","option_value":{"_multiwidget":1}},{"option_name":"widget_media_audio","option_value":{"_multiwidget":1}},{"option_name":"widget_media_gallery","option_value":{"_multiwidget":1}},{"option_name":"widget_media_image","option_value":{"_multiwidget":1}},{"option_name":"widget_media_video","option_value":{"_multiwidget":1}},{"option_name":"widget_meta","option_value":{"_multiwidget":1}},{"option_name":"widget_nav_menu","option_value":{"_multiwidget":1}},{"option_name":"widget_pages","option_value":{"_multiwidget":1}},{"option_name":"widget_recent-comments","option_value":{"_multiwidget":1}},{"option_name":"widget_recent-posts","option_value":{"_multiwidget":1}},{"option_name":"widget_rev-slider-widget","option_value":{"_multiwidget":1}},{"option_name":"widget_rss","option_value":{"1":[],"_multiwidget":1}},{"option_name":"widget_search","option_value":{"_multiwidget":1}},{"option_name":"widget_tag_cloud","option_value":{"_multiwidget":1}},{"option_name":"widget_text","option_value":{"1":[],"_multiwidget":1}},{"option_name":"widget_thrive_featured_group_widget","option_value":{"2":{"title":"Featured Group","groupname":"RocknRolla"},"3":{"title":"Featured Group","groupname":"RocknRolla"},"_multiwidget":1}},{"option_name":"widget_thrive_featured_member_widget","option_value":{"2":{"title":"Featured Member","username":"dunhakdis"},"3":{"title":"Featured Member","username":"dunhakdis"},"_multiwidget":1}},{"option_name":"widget_thrive_members_birthday_widget","option_value":{"_multiwidget":1}}],"sidebars":[{"option_name":"sidebars_widgets","option_value":{"wp_inactive_widgets":[],"homepage-widgets":[],"sidenav-sidebar":[],"sidebar-1":["bp_latest_activities-3","bp_core_members_widget-5","bp_groups_widget-6"],"archives-sidebar":["bp_latest_activities-2","gears_blog_post_widget-2","bbp_search_widget-2"],"bp-sidebar":["bp_core_members_widget-3","bp_groups_widget-3","bp_core_whos_online_widget-2"],"buddypress-profile-sidebar":["bp_core_friends_widget-2","bp_groups_widget-4"],"buddypress-members-page-sidebar":["thrive_featured_member_widget-2","bp_groups_widget-5"],"buddypress-groups-page-sidebar":["thrive_featured_group_widget-2","bp_core_members_widget-4","bp_core_recently_active_widget-2"],"buddypress-single-group-sidebar":[],"sidebar-footer-area":["bp_groups_widget-2","bp_core_members_widget-2","thrive_featured_member_widget-3","thrive_featured_group_widget-3"],"array_version":3}}]}