{"widgets":[{"option_name":"widget_archives","option_value":{"2":{"title":"","count":0,"dropdown":0},"_multiwidget":1}},{"option_name":"widget_bbp_forums_widget","option_value":{"2":{"title":"Forums","parent_forum":"0"},"_multiwidget":1}},{"option_name":"widget_bbp_login_widget","option_value":{"_multiwidget":1}},{"option_name":"widget_bbp_replies_widget","option_value":{"2":{"title":"Recent Replies ","max_shown":4,"show_date":false,"show_user":true},"3":{"title":"Recent Replies","max_shown":5,"show_date":false,"show_user":true},"_multiwidget":1}},{"option_name":"widget_bbp_search_widget","option_value":{"_multiwidget":1}},{"option_name":"widget_bbp_stats_widget","option_value":{"_multiwidget":1}},{"option_name":"widget_bbp_topics_widget","option_value":{"_multiwidget":1}},{"option_name":"widget_bbp_views_widget","option_value":{"_multiwidget":1}},{"option_name":"widget_bp_core_friends_widget","option_value":{"1":{"max_friends":5,"friend_default":"active","link_title":false},"2":{"max_friends":12,"friend_default":"active","link_title":false},"_multiwidget":1}},{"option_name":"widget_bp_core_login_widget","option_value":{"1":[],"_multiwidget":1}},{"option_name":"widget_bp_core_members_widget","option_value":{"1":{"title":"Popular Members","max_members":"5","member_default":"popular","link_title":false},"2":{"title":"Members","max_members":"5","member_default":"active","link_title":false},"3":{"title":"Staff","max_members":"5","member_default":"active","link_title":false},"_multiwidget":1}},{"option_name":"widget_bp_core_recently_active_widget","option_value":{"1":{"title":"Recently Active Members","max_members":"15"},"2":{"title":"Recently Active Members","max_members":"15"},"3":{"title":"Recently Active Members","max_members":"15"},"4":{"title":"Recently Active Members","max_members":"15"},"_multiwidget":1}},{"option_name":"widget_bp_core_whos_online_widget","option_value":{"1":[],"_multiwidget":1}},{"option_name":"widget_bp_groups_widget","option_value":{"1":{"title":"Groups","max_groups":"5","group_default":"active","link_title":false},"2":{"title":"Groups","max_groups":"5","group_default":"active","link_title":false},"3":{"title":"Groups","max_groups":"12","group_default":"active","link_title":false},"_multiwidget":1}},{"option_name":"widget_bp_latest_activities","option_value":{"2":{"title":"Latest Updates","max":"5","type":"a:1:{i:0;s:15:\"activity_update\";}"},"3":{"title":"Latest Updates","max":"5","type":"a:1:{i:0;s:15:\"activity_update\";}"},"_multiwidget":1}},{"option_name":"widget_bp_messages_sitewide_notices_widget","option_value":{"1":[],"_multiwidget":1}},{"option_name":"widget_bp_nouveau_sidebar_object_nav_widget","option_value":{"_multiwidget":1}},{"option_name":"widget_calendar","option_value":{"_multiwidget":1}},{"option_name":"widget_categories","option_value":{"2":{"title":"","count":0,"hierarchical":0,"dropdown":0},"_multiwidget":1}},{"option_name":"widget_custom_html","option_value":{"_multiwidget":1}},{"option_name":"widget_gears_blog_post_widget","option_value":{"1":{"title":"Recent Posts","max":5,"sortby":"date","orderby":"desc","count":0},"2":{"title":"Recent Posts","max":5,"sortby":"date","orderby":"desc","count":0},"3":{"title":"Recent Posts","max":5,"sortby":"date","orderby":"desc","count":0},"4":{"title":"Recent Posts","max":5,"sortby":"date","orderby":"desc","count":0},"_multiwidget":1}},{"option_name":"widget_gears_social_media_widget","option_value":{"1":{"title":"Social Media","fb":"https:\/\/www.facebook.com\/DSCOfficial\/","twitter":"#","instagram":"#","googleplus":"#","linkedin":"","email":"","newtab":0},"2":{"title":"Social Media","fb":"https:\/\/www.facebook.com\/DSCOfficial\/","twitter":"#","instagram":"#","googleplus":"#","linkedin":"","email":"","newtab":0},"_multiwidget":1}},{"option_name":"widget_media_audio","option_value":{"_multiwidget":1}},{"option_name":"widget_media_gallery","option_value":{"_multiwidget":1}},{"option_name":"widget_media_image","option_value":{"_multiwidget":1}},{"option_name":"widget_media_video","option_value":{"_multiwidget":1}},{"option_name":"widget_meta","option_value":{"2":{"title":""},"_multiwidget":1}},{"option_name":"widget_nav_menu","option_value":{"_multiwidget":1}},{"option_name":"widget_pages","option_value":{"_multiwidget":1}},{"option_name":"widget_polls-widget","option_value":{"1":{"title":"Polls","poll_id":1,"display_pollarchive":1},"_multiwidget":1}},{"option_name":"widget_recent-comments","option_value":{"2":{"title":"","number":5},"_multiwidget":1}},{"option_name":"widget_recent-posts","option_value":{"2":{"title":"","number":5},"_multiwidget":1}},{"option_name":"widget_reference_most_upvoted_articles","option_value":{"2":{"title":"Most Upvoted Articles","posts_displayed":"10","show_post_date":"","show_upvote":""},"_multiwidget":1}},{"option_name":"widget_reference_recent_articles","option_value":{"2":{"title":"Recent Articles","posts_displayed":"10","show_post_date":""},"3":{"title":"Recent Articles","posts_displayed":"3","show_post_date":""},"_multiwidget":1}},{"option_name":"widget_reference_related_articles","option_value":{"2":{"title":"Related Articles","taxonomy":"knb-categories","taxonomy_names":"","order":"ASC","order_by":"title","posts_displayed":"10","show_post_date":""},"_multiwidget":1}},{"option_name":"widget_rev-slider-widget","option_value":{"_multiwidget":1}},{"option_name":"widget_rss","option_value":{"1":[],"_multiwidget":1}},{"option_name":"widget_search","option_value":{"2":{"title":""},"_multiwidget":1}},{"option_name":"widget_tag_cloud","option_value":{"_multiwidget":1}},{"option_name":"widget_taskbreaker_user_recent_tasks","option_value":{"1":{"title":"My Recent Tasks","task_number":5},"2":{"title":"My Recent Tasks","task_number":5},"3":{"title":"My Recent Tasks","task_number":5},"_multiwidget":1}},{"option_name":"widget_text","option_value":{"2":{"title":"Find Us","text":"<p><strong>Address<\/strong><br \/>123 Main Street<br \/>New York, NY 10001<\/p><p><strong>Hours<\/strong><br \/>Monday&mdash;Friday: 9:00AM&ndash;5:00PM<br \/>Saturday &amp; Sunday: 11:00AM&ndash;3:00PM<\/p>"},"3":{"title":"About This Site","text":"This may be a good place to introduce yourself and your site or include some credits."},"4":{"title":"Find Us","text":"<p><strong>Address<\/strong><br \/>123 Main Street<br \/>New York, NY 10001<\/p><p><strong>Hours<\/strong><br \/>Monday&mdash;Friday: 9:00AM&ndash;5:00PM<br \/>Saturday &amp; Sunday: 11:00AM&ndash;3:00PM<\/p>"},"5":{"title":"About This Site","text":"This may be a good place to introduce yourself and your site or include some credits."},"6":{"title":"Info","text":"This section is a dynamic sidebar which you can use to display all the widgets you like. You also have the option to hide this in public.","filter":false},"7":{"title":"About","text":"Bring your staff, members, and users together with the most comprehensive and flexible intranet and community theme for WordPress.","filter":false},"_multiwidget":1}},{"option_name":"widget_thrive_featured_group_widget","option_value":{"1":{"title":"Featured Group","groupname":"127-Hours"},"2":{"title":"Featured Group","groupname":"127-Hours"},"3":{"title":"Featured Group","groupname":"Fight-Club"},"_multiwidget":1}},{"option_name":"widget_thrive_featured_member_widget","option_value":{"1":{"title":"Featured Member","username":"shan"},"2":{"title":"Writer of the Month","username":"shan"},"3":{"title":"Featured Member","username":"dan"},"_multiwidget":1}},{"option_name":"widget_thrive_members_birthday_widget","option_value":{"1":{"title":"Upcoming Birthdays","filter":"2","is_hide":""},"2":{"title":"Birthdays","filter":"2","is_hide":""},"_multiwidget":1}},{"option_name":"widget_tribe-events-list-widget","option_value":{"1":{"title":"Upcoming Events","limit":"5","no_upcoming_events":false,"featured_events_only":false,"jsonld_enable":1},"2":{"title":"Upcoming Events","limit":"5","no_upcoming_events":false,"featured_events_only":false,"jsonld_enable":1},"3":{"title":"Upcoming Events","limit":"5","no_upcoming_events":null},"_multiwidget":1}},{"option_name":"widget_vfb_widget","option_value":{"_multiwidget":1}},{"option_name":"widget_widget_recent_bp_docs","option_value":{"1":[],"_multiwidget":1}},{"option_name":"widget_wisechatwidget","option_value":{"_multiwidget":1}},{"option_name":"widget_wisechatwidgetchannelusers","option_value":{"_multiwidget":1}},{"option_name":"widget_woocommerce_layered_nav","option_value":{"_multiwidget":1}},{"option_name":"widget_woocommerce_layered_nav_filters","option_value":{"_multiwidget":1}},{"option_name":"widget_woocommerce_price_filter","option_value":{"_multiwidget":1}},{"option_name":"widget_woocommerce_product_categories","option_value":{"_multiwidget":1}},{"option_name":"widget_woocommerce_product_search","option_value":{"_multiwidget":1}},{"option_name":"widget_woocommerce_product_tag_cloud","option_value":{"_multiwidget":1}},{"option_name":"widget_woocommerce_products","option_value":{"_multiwidget":1}},{"option_name":"widget_woocommerce_rating_filter","option_value":{"_multiwidget":1}},{"option_name":"widget_woocommerce_recent_reviews","option_value":{"_multiwidget":1}},{"option_name":"widget_woocommerce_recently_viewed_products","option_value":{"_multiwidget":1}},{"option_name":"widget_woocommerce_top_rated_products","option_value":{"_multiwidget":1}},{"option_name":"widget_woocommerce_widget_cart","option_value":{"_multiwidget":1}},{"option_name":"widget_wpknb_widget","option_value":{"1":{"title":"Site Reference","orderby":"","order":"","items":"5","icons":""},"2":{"title":"Site Reference","orderby":"","order":"","items":"5","icons":""},"3":{"title":"Site Reference","orderby":"","order":"","items":"5","icons":""},"_multiwidget":1}}],"sidebars":[{"option_name":"sidebars_widgets","option_value":{"wp_inactive_widgets":["archives-2","meta-2","search-2","text-2","text-3","text-4","text-5","categories-2","recent-posts-2","recent-comments-2"],"homepage-widgets":["tribe-events-list-widget-3","taskbreaker_user_recent_tasks-2","thrive_members_birthday_widget-1","thrive_featured_member_widget-3","gears_blog_post_widget-3","thrive_featured_group_widget-3","bp_core_members_widget-3","bp_groups_widget-2","polls-widget-1"],"sidenav-sidebar":["taskbreaker_user_recent_tasks-1","bp_core_recently_active_widget-1","bp_core_members_widget-2","text-6"],"sidebar-1":["gears_social_media_widget-1","thrive_featured_group_widget-1","gears_blog_post_widget-1","tribe-events-list-widget-1"],"archives-sidebar":["tribe-events-list-widget-2","gears_social_media_widget-2","thrive_featured_member_widget-2","gears_blog_post_widget-2"],"reference-sidebar":["reference_most_upvoted_articles-2","reference_recent_articles-2","reference_related_articles-2"],"bp-sidebar":["thrive_featured_group_widget-2","thrive_featured_member_widget-1","bp_core_friends_widget-1","bp_groups_widget-1","bp_core_members_widget-1"],"buddypress-profile-sidebar":["bp_core_friends_widget-2","bp_groups_widget-3"],"buddypress-members-page-sidebar":["bp_latest_activities-2","bp_core_recently_active_widget-3"],"buddypress-groups-page-sidebar":["bp_core_recently_active_widget-4","bp_latest_activities-3","bbp_replies_widget-3"],"buddypress-single-group-sidebar":["bbp_forums_widget-2"],"sidebar-footer-area":["text-7","reference_recent_articles-3","bp_core_recently_active_widget-2","bbp_replies_widget-2"],"taskbreaker-projects":["taskbreaker_user_recent_tasks-3","thrive_members_birthday_widget-2","gears_blog_post_widget-4"],"array_version":3}}]}