{"0":false,"nav_menu_locations":{"primary":69,"secondary":70,"topbarmenu":71},"custom_css_post_id":-1,"sidebars_widgets":{"time":1526897948,"data":{"wp_inactive_widgets":["recent-posts-6","bp_core_members_widget-6","text-4","gears_blog_post_widget-3"],"homepage-widgets":[],"sidenav-sidebar":[],"sidebar-1":["search-2","recent-posts-2","recent-comments-2","archives-2","categories-2","meta-2","ldcourseprogress-1","widget_ldcoursenavigation-1","sfwd-lessons-widget-1","sfwd-certificates-widget-1","recent-posts-3","bp_core_members_widget-2","bp_groups_widget-2","bp_core_recently_active_widget-2","ldcourseinfo-1","text-2","recent-posts-4"],"archives-sidebar":["search-3","categories-3","bp_core_members_widget-4","bp_groups_widget-4","calendar-1"],"bp-sidebar":["bp_core_friends_widget-1","bp_core_members_widget-3","bp_groups_widget-3"],"buddypress-profile-sidebar":[],"buddypress-members-page-sidebar":[],"buddypress-groups-page-sidebar":[],"buddypress-single-group-sidebar":[],"sidebar-footer-area":["categories-5","recent-posts-7","bp_core_recently_active_widget-4","tag_cloud-3"]}},"thrive_customizer_header_signup":{"top":"#61bd4f","bottom":"#5aac44"},"thrive_logo":"http:\/\/elearning.thrive.dunhakdis.com\/wp-content\/uploads\/2018\/05\/Thrive-E-Learning-2X.png","thrive_customizer_colorscheme_primary":"#61bd4f","thrive_customizer_header_background_color":"#523ee8","thrive_customizer_widget_title_background":"#523ee8","thrive_customizer_single_post":{"font-family":"Roboto","variant":"regular","subsets":["latin-ext"],"text-transform":"none","font-backup":"","font-weight":400,"font-style":"normal"},"thrive_customizer_footer_widget_background_color":"#523ee8","thrive_customizer_header_style":"navigation-2"}