{"widgets":[{"option_name":"widget_archives","option_value":{"_multiwidget":1}},{"option_name":"widget_bp_core_friends_widget","option_value":{"1":{"max_friends":5,"friend_default":"active","link_title":false},"2":{"max_friends":12,"friend_default":"active","link_title":false},"_multiwidget":1}},{"option_name":"widget_bp_core_login_widget","option_value":{"1":[],"_multiwidget":1}},{"option_name":"widget_bp_core_members_widget","option_value":{"1":[],"3":{"title":"Members","max_members":"12","member_default":"active","link_title":false},"6":{"title":"Recently Active Members","max_members":"5","member_default":"active","link_title":false},"_multiwidget":1}},{"option_name":"widget_bp_core_recently_active_widget","option_value":{"1":[],"4":[],"5":{"title":"Recently Active Members","max_members":"15 "},"6":{"title":"Recently Active Members","max_members":"15"},"_multiwidget":1}},{"option_name":"widget_bp_core_whos_online_widget","option_value":{"1":[],"2":{"title":"Who's Online","max_members":"15"},"_multiwidget":1}},{"option_name":"widget_bp_groups_widget","option_value":{"1":[],"3":{"title":"Groups","max_groups":"12","group_default":"active","link_title":false},"5":{"title":"Groups","max_groups":"5","group_default":"active","link_title":false},"_multiwidget":1}},{"option_name":"widget_bp_latest_activities","option_value":{"_multiwidget":1}},{"option_name":"widget_bp_messages_sitewide_notices_widget","option_value":{"1":[],"_multiwidget":1}},{"option_name":"widget_bp_nouveau_sidebar_object_nav_widget","option_value":{"_multiwidget":1}},{"option_name":"widget_calendar","option_value":{"_multiwidget":1}},{"option_name":"widget_categories","option_value":{"5":[],"_multiwidget":1}},{"option_name":"widget_custom_html","option_value":{"_multiwidget":1}},{"option_name":"widget_gears_blog_post_widget","option_value":{"3":{"title":"Recent Posts","max":5,"sortby":"date","orderby":"desc","count":0},"4":{"title":"Recent Posts","max":5,"sortby":"date","orderby":"desc","count":0},"_multiwidget":1}},{"option_name":"widget_gears_social_media_widget","option_value":{"_multiwidget":1}},{"option_name":"widget_ldcourseinfo","option_value":{"_multiwidget":1}},{"option_name":"widget_ldcourseprogress","option_value":{"1":{"title":"Course Progress"},"_multiwidget":1}},{"option_name":"widget_media_audio","option_value":{"_multiwidget":1}},{"option_name":"widget_media_gallery","option_value":{"_multiwidget":1}},{"option_name":"widget_media_image","option_value":{"_multiwidget":1}},{"option_name":"widget_media_video","option_value":{"_multiwidget":1}},{"option_name":"widget_meta","option_value":{"_multiwidget":1}},{"option_name":"widget_nav_menu","option_value":{"_multiwidget":1}},{"option_name":"widget_pages","option_value":{"_multiwidget":1}},{"option_name":"widget_recent-comments","option_value":{"_multiwidget":1}},{"option_name":"widget_recent-posts","option_value":{"6":{"title":"Recent Posts","number":5,"show_date":false},"7":{"title":"Recent Posts","number":5,"show_date":false},"8":{"title":"RECENT POSTS","number":3,"show_date":false},"_multiwidget":1}},{"option_name":"widget_rev-slider-widget","option_value":{"_multiwidget":1}},{"option_name":"widget_rss","option_value":{"1":[],"_multiwidget":1}},{"option_name":"widget_search","option_value":{"_multiwidget":1}},{"option_name":"widget_sfwd-certificates-widget","option_value":{"1":{"title":"Certificates"},"2":{"title":"Certificates"},"3":{"title":"Certificates"},"_multiwidget":1}},{"option_name":"widget_sfwd-courses-widget","option_value":{"2":{"title":"Courses"},"3":{"title":"Courses"},"4":{"title":"Course"},"_multiwidget":1}},{"option_name":"widget_sfwd-lessons-widget","option_value":{"1":{"title":"Lessons"},"2":{"title":"Lessons"},"_multiwidget":1}},{"option_name":"widget_sfwd-quiz-widget","option_value":{"2":{"title":"Quizzes"},"_multiwidget":1}},{"option_name":"widget_sfwd-transactions-widget","option_value":{"_multiwidget":1}},{"option_name":"widget_tag_cloud","option_value":{"_multiwidget":1,"3":{"title":"Course Categories","count":0,"taxonomy":"ld_course_category"}}},{"option_name":"widget_text","option_value":{"1":[],"4":{"title":"About Thrive","text":"<aside id=\"text-2\" class=\"sidebar-widgets widget widget_text\">\r\n<div class=\"textwidget\">Thrive bridges the rock-solid functionality of LearnDash and beautiful user interface of Thrive WordPress theme resulting in a professional looking website that looks great on all screen devices. Save 1,000 hours building your own e-learning solution on top of WordPress.<\/div>\r\n<\/aside>","filter":true,"visual":true},"5":{"title":"ABOUT THRIVE 3.0","text":"Thrive bridges the rock-solid functionality of LearnDash and beautiful user interface of Thrive WordPress theme resulting in a professional looking website that looks great on all screen devices. Save 1,000 hours building your own e-learning solution on top of WordPress.","filter":true,"visual":true},"_multiwidget":1}},{"option_name":"widget_thrive_featured_group_widget","option_value":{"2":{"title":"Best Club of the Year","groupname":"The-Legend-of-Zorro"},"_multiwidget":1}},{"option_name":"widget_thrive_featured_member_widget","option_value":{"2":{"title":"Student of the Year","username":"seamus"},"_multiwidget":1}},{"option_name":"widget_thrive_members_birthday_widget","option_value":{"_multiwidget":1}},{"option_name":"widget_tribe-events-list-widget","option_value":{"2":{"title":"Upcoming Events","limit":"5","no_upcoming_events":false,"featured_events_only":false,"jsonld_enable":1},"3":{"title":"Upcoming Events","limit":"5","no_upcoming_events":false,"featured_events_only":false,"jsonld_enable":1},"_multiwidget":1}},{"option_name":"widget_widget_ldcoursenavigation","option_value":{"1":{"title":"Course Navigation"},"_multiwidget":1}},{"option_name":"widget_widget_recent_bp_docs","option_value":{"1":[],"_multiwidget":1}}],"sidebars":[{"option_name":"sidebars_widgets","option_value":{"wp_inactive_widgets":["gears_blog_post_widget-3","recent-posts-6","bp_core_members_widget-6","text-4"],"homepage-widgets":[],"sidenav-sidebar":["bp_core_recently_active_widget-5","text-5","recent-posts-8"],"sidebar-1":["tribe-events-list-widget-3","sfwd-lessons-widget-1","widget_ldcoursenavigation-1","sfwd-certificates-widget-1","ldcourseprogress-1","gears_blog_post_widget-4"],"archives-sidebar":["tribe-events-list-widget-2","sfwd-courses-widget-2","sfwd-lessons-widget-2","sfwd-quiz-widget-2"],"bp-sidebar":["bp_core_friends_widget-1","bp_core_members_widget-3","bp_groups_widget-3","bp_core_recently_active_widget-6","bp_core_whos_online_widget-2"],"buddypress-profile-sidebar":["sfwd-certificates-widget-2","bp_core_friends_widget-2","bp_groups_widget-5"],"buddypress-members-page-sidebar":["thrive_featured_member_widget-2","sfwd-courses-widget-3"],"buddypress-groups-page-sidebar":["thrive_featured_group_widget-2","sfwd-courses-widget-4"],"buddypress-single-group-sidebar":["sfwd-certificates-widget-3"],"sidebar-footer-area":["categories-5","recent-posts-7","bp_core_recently_active_widget-4","tag_cloud-3"],"array_version":3}}]}